{
    "metrics": {
        "http_req_sending": {
            "max": 0.351,
            "p(90)": 0.045,
            "p(95)": 0.05439999999999995,
            "avg": 0.036319999999999956,
            "min": 0.01,
            "med": 0.025
        },
        "vus": {
            "value": 5,
            "min": 5,
            "max": 5
        },
        "vus_max": {
            "value": 5,
            "min": 5,
            "max": 5
        },
        "http_req_failed": {
            "passes": 150,
            "fails": 0,
            "thresholds": {
                "rate<0.1": true
            },
            "value": 1
        },
        "http_req_waiting": {
            "p(95)": 30.173399999999997,
            "avg": 16.73534000000001,
            "min": 5.617,
            "med": 14.205,
            "max": 65.953,
            "p(90)": 25.700599999999998
        },
        "http_reqs": {
            "count": 150,
            "rate": 4.906858823619852
        },
        "iterations": {
            "count": 150,
            "rate": 4.906858823619852
        },
        "http_req_duration": {
            "avg": 16.910986666666673,
            "min": 5.716,
            "med": 14.421,
            "max": 66.105,
            "p(90)": 25.7981,
            "p(95)": 30.411649999999998,
            "thresholds": {
                "p(95)<2000": false
            }
        },
        "checks": {
            "passes": 150,
            "fails": 0,
            "value": 1
        },
        "data_sent": {
            "count": 430200,
            "rate": 14072.871106141734
        },
        "http_req_tls_handshaking": {
            "avg": 0,
            "min": 0,
            "med": 0,
            "max": 0,
            "p(90)": 0,
            "p(95)": 0
        },
        "http_req_connecting": {
            "p(95)": 0,
            "avg": 0.12294666666666666,
            "min": 0,
            "med": 0,
            "max": 3.719,
            "p(90)": 0
        },
        "iteration_duration": {
            "max": 1067.251042,
            "p(90)": 1027.6998083,
            "p(95)": 1033.5348545,
            "avg": 1017.9853133599997,
            "min": 1006.164083,
            "med": 1015.278896
        },
        "http_req_blocked": {
            "p(95)": 0.016,
            "avg": 0.17136666666666686,
            "min": 0.002,
            "med": 0.007,
            "max": 4.97,
            "p(90)": 0.012
        },
        "http_req_receiving": {
            "med": 0.103,
            "max": 1.362,
            "p(90)": 0.22950000000000004,
            "p(95)": 0.28354999999999997,
            "avg": 0.1393266666666667,
            "min": 0.019
        },
        "data_received": {
            "count": 44250,
            "rate": 1447.5233529678562
        }
    },
    "root_group": {
        "name": "",
        "path": "",
        "id": "d41d8cd98f00b204e9800998ecf8427e",
        "groups": {},
        "checks": {
                "dashboard status 200 or 401": {
                    "passes": 150,
                    "fails": 0,
                    "name": "dashboard status 200 or 401",
                    "path": "::dashboard status 200 or 401",
                    "id": "3365d16183f6d3111ee4a693a2e6d5dd"
                }
            }
    }
}